split,task_id,level,decision,exclusion_reason,matched_multimodal_keywords
test,6af95c8f-8cbf-4c12-b02c-f9a23cc1ecb9,1,include,,
test,c80ed443-b494-4e86-bec8-10ecb41c2326,2,include,,
test,e14448e9-5243-4b07-86e1-22e657f96bcf,3,exclude,attachment,
test,198ffd8f-6041-458d-bacc-fe49872cfa43,1,exclude,attachment,
test,6583799b-573a-4e95-8b28-4f0397bd45c2,2,include,,
test,12a682d7-8e8e-4d4c-8102-a97628027441,2,include,,
test,4044eab7-1282-42bd-a559-3bf3a4d5858e,2,exclude,attachment,
test,6ace0798-0d0f-4122-8705-78acebf23191,2,include,,
test,11016eca-0f56-443b-985e-a927bd4fc1b0,3,include,,
test,7b10295b-5287-41d7-897c-663fe194c04d,1,include,,
test,4033181f-1988-476b-bc33-6da0f96d7bd0,2,exclude,attachment,
test,7707f3dd-1aa6-42f5-847a-b66f3eaf2ee4,2,exclude,attachment,
test,5f862c5d-1d51-4efa-bbd0-eb313579b5f8,3,include,,
test,cf0682db-1e31-4a36-913f-aedd501e44d1,1,include,,
test,17a9628e-ccef-433c-9109-acaf024d5a55,3,include,,
test,07ed8ebc-535a-4c2f-9677-3e434a08f7fd,1,include,,
test,cd886ddd-2d12-4347-9c7a-64774f66a3d3,2,exclude,attachment,
test,d89733a3-7d86-4ed8-b5a3-bf4831b06e3c,1,exclude,attachment,
test,ac8e6d96-57a8-4936-a910-2bb04794b041,2,include,,
test,cfd773c8-371f-425c-b081-f254f96c0530,1,exclude,attachment,
test,862862cb-519c-492a-8bee-309f3a8a5191,2,include,,
test,c7d40b93-4ee9-4643-8a25-1bb1d5c00f06,2,include,,
test,ca0a4c14-4b97-43e7-8923-539d61050ae3,2,exclude,attachment,
test,15c0b8fe-d3be-45df-a759-13a488d4baaa,2,include,,
test,fcf5b93d-27fd-4637-ac5d-fad4e445ca94,1,include,,
test,fece4d7a-4093-47b8-b58c-68ec591ec4c8,1,include,,
test,460ef201-c5f4-41f4-9acd-e4215384e678,3,include,,
test,7dc97fbf-c452-4b5d-9d19-db275daccd39,3,include,,
test,adfc0afb-3ef2-4e79-b66b-c49823b6b913,2,include,,
test,68ff53a8-e1a1-42b0-9180-3c0a37187387,2,include,,
test,48f56def-d539-4780-a3f5-591a925a88bf,2,include,,
test,c4456885-2f03-436f-8fe9-0b4ca6822cdb,3,exclude,attachment,
test,fa7bc619-bf17-4ef7-be80-c0e32144140f,1,include,,
test,e20d0329-72bc-4634-ab37-47a217c2cfb6,2,include,,
test,7674ee67-d671-462f-9e51-129944749a0a,3,exclude,attachment,
test,8e41f740-f193-4540-a7b1-62e0f4b804a0,1,include,,
test,78cfc686-0e24-4e8e-acb4-291198301286,2,include,,
test,ec9cb96f-0499-449e-b8f4-3eff8663ddd4,3,include,,
test,c7003252-fc58-44bf-92f5-ec3991a49d00,1,exclude,attachment,
test,6e343c42-7f09-4df5-aab9-22c0293c2d30,1,include,,
test,2e958b48-d4bf-4dc5-b051-442a2ef70630,3,include,,
test,3f9f12e1-c848-4925-afea-eb484e17e986,2,include,,
test,640e86a8-a261-4f6a-b507-0f510484eeff,2,include,,
test,35320d83-246a-4367-8ed8-c04a93c68daa,2,include,,
test,880c9d7d-aeb1-4fb0-a389-b9a88c451b50,2,include,,
test,8f697523-6988-4c4f-8d72-760a45681f68,2,exclude,attachment,
test,7556cbdb-c736-4efa-b3ef-2ebc2c8f4da3,1,include,,
test,c265a892-f429-454a-bfc1-d2164b520a90,2,include,,
test,a0dcc222-691e-4b03-ac75-c4493991ab80,2,exclude,attachment,
test,02d0c7de-3cb6-43db-8b42-bb5be0923e28,2,include,,
test,5b5e7996-4de6-46c4-8be2-0943417886e5,1,include,,
test,f5d0b1c6-5e15-4c55-b60c-9fc855dda5cf,2,exclude,attachment,
test,c134398d-e1eb-4dab-97a1-6d9f715e53d0,2,include,,
test,6f7d28c6-6a8c-44b2-8ea9-0988c1096a2a,1,include,,
test,07f6a90e-ee1d-4d2b-ae1d-3556d66a9e11,2,include,,
test,a4a37f5c-b160-43ed-8484-fe74572cb2c1,2,include,,
test,5b89b147-cdab-40e1-be5b-819bc076c270,1,exclude,attachment,
test,07d803c0-7975-4da2-a62b-c8abafcdad9d,1,include,,
test,411e5d0e-52db-492f-97a3-bd93658c0357,2,include,,
test,5e76cfc3-f33d-4416-b8ae-3ef292830207,1,include,,
test,9ace56cc-2454-4de2-8e39-d8fec7be6f44,2,include,,
test,f94d6a97-9825-4308-8c69-fe6be4f6dff5,2,include,,
test,06d24738-d12e-484a-999a-b6119f4167f4,2,include,,
test,2102c078-d0f8-4a66-91d7-caca752bf55b,1,include,,
test,965a4ea3-bb77-4ddd-9ee6-3160a6f8b8ef,2,include,,
test,269f42c1-d767-4426-baf3-0d91c4423177,1,include,,
test,4e4b3e43-7240-47b2-8594-8dacd70ee12e,2,include,,
test,c3c656c0-b288-476d-85d6-6d7a95ad19ef,2,include,,
test,d6f433d5-4203-47d4-990a-28dbf99e6afd,2,include,,
test,cca708f8-277f-4d9c-920c-26e8065b82ad,2,include,,
test,99b5ea36-0310-49c4-85d8-9ae83a96029a,2,exclude,attachment,
test,35a5c13a-6012-461f-abfc-cde9e5a0a0dd,2,include,,
test,83692c1b-eab1-49f1-9ef4-151708310689,3,include,,
test,2bb16c35-403a-4d4c-859e-a88ccd55f876,2,exclude,attachment,
test,3157eb2e-2b7c-48ae-8676-437c64d813d5,1,include,,
test,c68c0db6-1929-4194-8602-56dce5ddbd29,3,exclude,attachment,
test,c1e3311d-5112-4690-bcdc-7da181657835,1,include,,
test,335024e1-aa6a-4a48-bba5-fad4ebd8868c,3,include,,
test,55aeb0ce-9170-4959-befb-59f6116887a4,1,include,,
test,2db1003c-96b9-4e26-9223-5a2d491d26ac,3,include,,
test,56376d48-f456-4c24-a917-834be04c7608,2,exclude,attachment,
test,2baa3989-5618-4f3b-9449-8b18e3e59281,1,include,,
test,44eb0217-9ba3-47c8-9e1c-6325d26e6f90,2,include,,
test,f4b55162-e06c-4ac0-be0e-78546bc87204,2,include,,
test,03c577c9-4227-48a9-9b75-f8f598de14c1,2,exclude,attachment,
test,198f2b40-958b-497b-a685-15fdc0587481,1,include,,
test,543eadae-e80a-44ba-b98d-6e8c4040dae8,1,include,,
test,97f452b6-f144-4224-bfe4-b6a8e0bbce6a,1,include,,
test,fe8f4748-5d00-4a27-9070-090a0cfdeac4,2,exclude,attachment,
test,e8b226bf-2ccd-4748-973d-08dad7aa8253,2,include,,
test,fa06024a-119e-47e9-bf90-f543a3b330b6,3,include,,
test,d6059b3e-e1da-43b4-ac26-ecad2984909b,3,exclude,attachment,
test,208b8625-c49d-4cf1-95b6-4ced3bff82fb,2,include,,
test,943255a6-8c56-4cf8-9faf-c74743960097,3,exclude,attachment,
test,d82180c3-39f0-4008-a883-24d5226fc49b,3,include,,
test,074f5cd6-d287-49d6-bc0a-f7d40fbf2f08,2,include,,
test,2f14e114-55de-464f-af9b-82443c6ad5ba,2,include,,
test,44cb62e5-b0c5-4f12-b96f-21e80ed2062d,2,include,,
test,e196e50c-09fb-4a3a-81a9-c81ef41b0708,1,include,,
test,4d8fc0e1-69c0-4fa9-9db1-05935ec5633e,1,include,,
test,bb505145-7a10-4d23-8af9-39d2b833be3f,2,include,,
test,028f0446-9529-4be4-af42-4a25d4ccda5a,3,include,,
test,e463d411-6260-4d93-b5b4-6d9b1f619d5c,2,include,,
test,1c4c108b-fd1a-4251-8a23-20efeaefcae9,2,include,,
test,df30cd5b-cce6-475d-907d-69927f32d006,1,include,,
test,4810c253-7b06-447d-8bf6-64558ac5f00f,2,include,,
test,60fbc5a3-2805-4ad4-8eef-b58843b5053b,1,include,,
test,80e1a640-960b-4b65-9bbf-fd94c2ec55fa,3,include,,
test,2372640f-a119-4960-b624-5ffbe81d6f3f,2,include,,
test,9845712b-bb09-45f8-a0a4-df29b7093877,1,include,,
test,8aa22ddc-fe80-464c-9c96-8d534fa5c7d5,2,include,,
test,ffad7d0a-e20d-461f-b5be-07804917235d,2,include,,
test,04893fc3-34fc-4117-8457-a717ad01a6a9,2,include,,
test,b7767ed5-20c7-4243-86b1-e8bd9a3d2a64,3,exclude,attachment,
test,25575ca4-9632-428a-8789-5a6910475451,2,include,,
test,8770c47d-56ad-42cf-b0a6-7e48d0d19019,1,include,,
test,0a8063da-eae2-4f84-8603-e71e8714ec23,2,include,,
test,b923ed47-f382-4c56-90fa-fbafb0ea1cca,2,include,,
test,24db55fc-5bd5-402e-8b85-f01d4d50d8c2,2,include,,
test,21aba0e0-03d6-4541-b467-a0384ca5298a,2,include,,
test,5bbf523f-b902-4d7d-8e8d-212d00018733,1,exclude,attachment,
test,5093d134-9bc8-41c0-8dd2-094a59ddc002,2,include,,
test,be353748-74eb-4904-8f17-f180ce087f1a,2,exclude,attachment,
test,021f63bc-b8cf-484d-a373-ca468fa8ab37,2,include,,
test,70510d87-5004-4e4a-b078-21abf699dc12,1,exclude,attachment,
test,405c2f42-5d01-46d1-97eb-2e96b7cee542,2,include,,
test,0a3d99c6-d130-49a8-a8bc-6cd5999cc3b4,2,include,,
test,2e6c39b3-5988-4569-9401-3dde97425be6,2,include,,
test,de41fdda-d03c-4655-a3f2-33d9a22e789a,3,include,,
test,7c215d46-91c7-424e-9f22-37d43ab73ea6,1,exclude,attachment,
test,00f49e33-3f00-4e8d-9ea5-a85bc7f3462f,2,include,,
test,55caccf7-8c3b-4d40-842a-825789f55dd7,2,include,,
test,4d317450-948c-4445-b15a-a170813a05e5,2,include,,
test,427348d3-797e-4bfc-88ef-d5780f982d58,2,include,,
test,67592f4a-f0ce-4d1f-be02-fde74748926f,1,include,,
test,6dc2ac8a-dfb8-48bc-a9f0-73d5435106b1,2,include,,
test,86ca62df-b518-48e7-9115-1b0b800e5453,1,exclude,attachment,
test,7805912b-c8da-4134-9b54-b590f884352a,1,exclude,attachment,
test,5c418120-2a9f-4bae-8aee-d37ac26f8465,2,include,,
test,d9060545-9e29-4a0b-8a1d-57211c462637,2,include,,
test,2698c8fa-868a-4ce6-9290-6cb397d1e071,2,include,,
test,fcd80879-4f1d-49d8-b6d6-2993607432c2,1,exclude,attachment,
test,e8df5ee8-e804-4ab4-a5b5-f737ffb7c37a,2,include,,
test,23bcfab0-f47b-4dcb-8599-459c329ac153,2,exclude,attachment,
test,82b89810-1217-4ad8-aa9f-26e7c74ba6e5,2,include,,
test,68d05bcc-e6cd-43f1-8e9e-e73d507cd02f,1,include,,
test,b1a37359-2e2e-4521-bb3d-cecdf3ec5419,2,include,,
test,1276e220-1482-424f-9c05-ae459f9de38e,3,include,,
test,7e7d97af-7472-4150-815d-8a6400aa0dc8,3,include,,
test,ed7354ce-7c07-47b0-bc2a-d9f5bbc50bc7,3,include,,
test,91d929df-7666-4eed-894c-1bafe5b2e883,1,include,,
test,15b85766-24c0-4ee9-98f7-3ff237c89dc8,2,include,,
test,e87720bf-7dbe-49c2-b91c-bfc23b14d157,2,include,,
test,171dd6d2-d1d4-439b-8d4e-7507018a816b,1,exclude,attachment,
test,e013fc18-abfc-4101-9acc-6273112517f6,1,include,,
test,456cd699-e6f0-4729-a18e-077ffc7337c0,2,include,,
test,680d7d77-c0c7-49c8-88fd-f8ec623645e9,1,exclude,attachment,
test,220a2b08-ffdc-4665-af4e-025670f5408b,1,include,,
test,dbb02ff7-f947-491b-9ce2-41e3df16dbb8,2,exclude,attachment,
test,e58ea654-994a-44fd-aaff-bf033c715c56,2,include,,
test,3c5f0280-b1a3-43cf-817e-c3fa0016b1e2,1,include,,
test,e47bd787-8024-425e-985c-7809bd992fa5,2,include,,
test,fb59de38-e688-43f9-a959-a687e6cd0ebc,2,include,,
test,355b827f-fff0-4e0c-9ff0-65dea0609838,1,exclude,attachment,
test,a15f8d90-115d-4376-98b3-c866be21ef8f,1,include,,
test,adbc62c6-dc67-4bd8-a245-e1ed36b0d733,1,include,,
test,ca94a79c-30ee-4c9c-9be6-57b4bb4284d3,3,include,,
test,e26e4f19-0c1c-430d-a881-66e52b9043f5,2,include,,
test,aac4df0d-407a-45f2-add5-d9b31ebe1ddc,2,exclude,attachment,
test,698799a7-33df-4892-9ecd-76600ad91b96,2,include,,
test,66bd1b1c-443b-4b4e-a108-0fa06527dd62,1,include,,
test,302a5b22-7599-4f9d-966b-445db74a0533,1,include,,
test,8b553092-3d44-4ab3-8d1e-932aabc1e143,3,exclude,attachment,
test,c16acedc-7a4e-4df5-a007-200faa5c67e5,2,include,,
test,1b738608-485d-4456-98d3-31ad60f77284,2,include,,
test,9961d869-f827-4540-bcf0-1e09c2cba3b0,2,include,,
test,ff43a8cd-3850-42a4-bdb1-1eea53a8fcb7,2,include,,
test,d8f6be13-17f3-450a-b68f-89d7de943cf1,2,include,,
test,ed5e2ddd-6a3b-43a2-b6dc-a6c8862e06d7,2,include,,
test,beeee382-3b29-4be2-b6c7-e54e3543c93f,1,include,,
test,7245af7c-404e-4d60-9ef4-94ed301e5315,1,exclude,attachment,
test,8488761b-6d5a-4be0-86d6-5cf8d6c13efe,1,include,,
test,1dd3f5f0-a467-4336-b1e1-78ea886a2244,1,include,,
test,cadc593c-ebde-43ec-afa6-a8a4e95c0e38,1,include,,
test,cbdb17dc-62d9-4463-b648-2eaacfeba4e5,1,exclude,attachment,
test,b78952b8-af19-4ffa-9275-cfa41a255b8a,1,include,,
test,6178671d-6f80-4e0d-9672-54afaf7b527b,2,include,,
test,3415b0bd-f53f-4397-b657-b3204d43235e,3,include,,
test,07c3029f-7095-455d-a9e9-cd5e34001b38,1,exclude,attachment,
test,b3654e47-4307-442c-a09c-945b33b913c6,2,exclude,attachment,
test,01af5e27-e389-4c69-a133-412e16532b67,1,include,,
test,d543b75f-96e6-4b04-bf2c-60acd0d48246,2,include,,
test,e5de797e-4429-425e-80b4-2fed4620c52b,3,include,,
test,70e18502-7ff4-4aa7-85ed-f5587cc582c9,2,include,,
test,68ccf11a-bcd3-41e5-a5ee-3e29253449e9,1,exclude,attachment,
test,f1ba834a-3bcb-4e55-836c-06cc1e2ccb9f,1,exclude,attachment,
test,dd024dd9-8da6-4d4e-aee1-ed0d999035a9,1,exclude,attachment,
test,634fca59-03b2-4cdf-9ce4-0205df22f256,3,exclude,attachment,
test,b4d2d683-7870-4940-8eaf-03cd1355873a,2,include,,
test,98efafc6-c376-4b53-be91-a130e1d90e02,3,exclude,attachment,
test,c7adc367-cf65-43f5-acc6-b3cc8b61c51e,2,include,,
test,900bb2d0-c2ae-43a6-b25b-62f96c3770e3,2,include,,
test,314b3c26-3e8d-4f8c-a9aa-c77275072e0b,1,include,,
test,41220f73-ec72-47c1-ba53-a6e50e4896b9,3,include,,
test,27ee81e0-9f94-4b2d-8ab5-3c7033fcefca,1,include,,
test,8f515e77-1b54-4183-bd5d-3c5f71674931,1,include,,
test,967ad395-7b16-43a2-83e7-41df7cd6401a,3,include,,
test,afd1efe6-03dd-478c-9eb1-e562355ee94e,2,exclude,attachment,
test,f30a836f-420f-4738-80af-d2491e072dab,2,include,,
test,f1746e25-adf7-4565-8365-56f3d3536c92,2,include,,
test,cd8166fc-8a04-43b8-956a-785c6513671a,2,include,,
test,8a0e4077-b38a-4ccb-bfc4-99786b1f577c,3,include,,
test,9d0f88cd-f02d-4864-bf15-93ec95fef4f8,3,include,,
test,3cc53dbf-1ab9-4d21-a56a-fc0151c10f89,2,exclude,attachment,
test,b548db79-fabd-4bbc-81f3-43097159a3a5,2,include,,
test,bdb2f8ff-83a3-4288-a019-68c7968198f6,1,include,,
test,9b98305b-af16-489e-adbc-41b5c5a0ec2d,2,include,,
test,22f61d58-b420-4afb-a641-39ef09c65603,1,include,,
test,d50b8ecb-a8aa-4696-ad84-403ef15e2c8b,2,exclude,attachment,
test,b01a3c5f-56ce-4fee-bc15-afd2047bc976,1,include,,
test,cebff819-f4d7-4b4a-8c42-31bed1a062c5,2,include,,
test,8f2e558f-c8a3-4e00-81fd-d52d62917977,3,include,,
test,f2ea141f-073c-4a86-af4c-fd1f2e7903fc,1,include,,
test,985ec22e-546b-49fc-ab3c-af490fbefdf3,3,exclude,attachment,
test,2131de62-c9b7-4f08-a28f-ccbd9e4809f3,1,include,,
test,5f2b2e54-5047-4394-81be-198230c3b508,2,exclude,attachment,
test,f08e2efd-1885-4437-8c88-90a20558ad1d,1,include,,
test,d219675a-0552-4fe0-8c5a-ae7365501f00,2,include,,
test,9aefe06d-0921-4941-96b4-154de9ee4f05,2,include,,
test,bb686773-a454-44d5-b193-cfccfdb90dee,2,include,,
test,633d1eae-8748-43e3-889a-0830c1c870c4,2,include,,
test,2b2e4e18-a825-4285-aeb1-8d93d2521627,2,include,,
test,59b3cfb0-a06a-4ac5-b54e-81c9db8b0957,2,exclude,attachment,
test,32f386b9-73ee-4455-b412-ddad508aa979,1,exclude,attachment,
test,f2fa52f6-fc8a-498c-98d3-17f66c848d1b,2,include,,
test,d62cbee6-47c7-4918-825d-3b73b1af7e85,1,exclude,attachment,
test,91f2bf12-5280-4efc-b9a7-26e67ca850b4,1,exclude,attachment,
test,16cf70d8-9263-4eb0-a8a9-5eb91a23b462,3,include,,
test,0e4aa403-de9a-4f69-be4a-b141184db4a9,3,include,,
test,07c930f4-40a4-4be7-9165-ce8ad24bdbf9,2,include,,
test,063800f6-8832-4856-972b-17b877612533,2,exclude,attachment,
test,c9adfc66-ee9e-437a-aa54-e76ab00d9a4a,1,include,,
test,462413b8-642c-4a4d-be27-1a9406100e31,2,include,,
test,dfa03d6c-402b-43fc-9222-5738f8bdfd0c,1,exclude,attachment,
test,e51753c7-3ef3-4404-a352-11a18e5760c9,3,exclude,attachment,
test,7a770333-8c1b-4008-b630-9d3cb4f0c171,3,exclude,attachment,
test,c771f182-c66e-4c81-b1b8-80f924e7ca9a,2,include,,
test,5cb40f44-29b4-49de-a924-03e68191a994,2,include,,
test,7cf5f072-4c37-4ccb-8c4e-a8f66fcdd9e1,1,include,,
test,52e8ce1c-09bd-4537-8e2d-67d1648779b9,1,exclude,attachment,
test,763a8789-8aa9-4254-aa12-779bec9c7aef,2,include,,
test,f9f97b63-52e5-482f-beb8-c0f3cfac163e,1,include,,
test,e4b6ca51-c70d-45f7-90dd-cbd1790df1cb,2,include,,
test,fb488ce0-520c-4f3b-b953-b52b4130fb06,2,include,,
test,52fcc23e-4e68-43da-9410-f8f33632006f,1,include,,
test,b201ae2a-fdab-4e13-a687-174d557d608a,2,include,,
test,fb349e07-d6c6-4d98-9a0e-1a3567f7d9bd,2,include,,
test,4866d2d0-e86f-4541-9801-4faa9b910a35,2,include,,
test,6de7d951-8dfe-449f-a808-76e2359b75b8,2,include,,
test,84dff22d-5520-49f7-9c0a-d4b7a49de8cf,3,include,,
test,b74b4ce7-4f03-42b5-b60e-62da7ffa282e,2,exclude,attachment,
test,d366cc70-86f1-4dca-bf12-440479c825fe,2,exclude,attachment,
test,4dccff35-158b-4647-8ad0-b7432112077d,1,include,,
test,3013b87b-dc19-466a-b803-6b7239b9fd9c,2,include,,
test,97426980-08b7-4627-a076-be6f4b3a95c8,3,include,,
test,ed30357a-9648-49fd-8d34-a78e71d0984c,2,include,,
test,69b557be-22a3-48fd-971c-0381d867ec0c,3,include,,
test,0a5a5fd6-97b7-4cce-ad9f-bdaaee042bec,1,include,,
test,f8ee2934-7981-4cd4-8abc-e91239c50c97,3,include,,
test,a582f258-4e42-47db-8669-4280537fe223,2,include,,
test,f7f36b51-3ad4-4149-af93-1b4355b438b0,2,include,,
test,d31b3ec0-bf91-42dd-82fb-43655964505d,2,include,,
test,c47d5037-f591-4958-a27c-c9c89dc30df0,2,include,,
test,ebfd308e-59c1-4389-8812-7ea4cda7f4bc,1,include,,
test,8c638aa7-81d9-4d06-9ae4-0c0a5540ea5b,2,include,,
test,2648baca-4e35-4353-8772-4da848c8440e,1,include,,
test,c70c16aa-6c86-4ad0-b2f6-82fc748f49a2,3,include,,
test,021a5339-744f-42b7-bd9b-9368b3efda7a,2,exclude,attachment,
test,eb0292b5-a09a-451b-8cd1-a8671095a0d0,2,include,,
test,67f89b20-03eb-4f2d-8cbc-a94e5cc05343,2,include,,
test,aea1ea38-dfd0-41ab-ad79-badc3c69c784,2,exclude,attachment,
test,0870ef1f-c712-4e67-8940-8581cc9455dd,2,include,,
test,e8719a2f-6bbd-40b6-95b5-7706f7a6445a,1,include,,
test,4c386922-5c65-4f33-86d5-107a97ad6654,1,include,,
test,fa93f13c-5967-41ad-9ccb-6a351be9f625,2,include,,
test,b74aa3b0-16a7-4a79-a8df-0cbdcf1d2eb8,1,include,,
test,9e72b135-afa1-4e39-9e21-ea34d0726e20,2,include,,
test,b4395888-4e6d-4d02-b7ee-11dbccdb802d,2,include,,
test,088d34d3-8b99-4928-ba26-9a0c6098a616,3,include,,
test,4b52450e-0c0d-434e-8358-85e80cb2514c,2,include,,
test,b9c62d30-86f8-4b36-80b6-afb34852cea6,1,include,,
test,0c393561-dd13-4b7c-ac49-20ac469aa276,3,exclude,attachment,
test,9ca9bc20-1a0b-4076-9937-7724e3491cf8,2,exclude,attachment,
test,d8434132-f196-4048-82c3-c06facff53c0,2,exclude,attachment,
test,f6d29ef1-0e4d-41cb-ac25-e60023b3bd96,2,exclude,attachment,
test,4cf4a5c1-7c9c-4cce-94cb-57b8be196244,2,exclude,attachment,
test,e395eb42-8b78-4995-9f8b-25e3a56ab359,2,include,,
test,70e0a9c6-24bf-48ed-afa1-f0d0eaaa0209,1,include,,
test,de21a804-9b9e-40b6-aede-392e3360b147,1,include,,
test,d0e1cd7d-0af2-4ca0-8e9d-7a3fa0687e7f,2,include,,
validation,c61d22de-5f6c-4958-a7f6-5e9707bd3466,2,exclude,multimodal annotator metadata,image recognition
validation,17b5a6a3-bc87-42e8-b0fb-6ab0781ef2cc,2,include,,
validation,04a04a9b-226c-43fd-b319-d5e89743676f,2,include,,
validation,14569e28-c88c-43e4-8c32-097d35b9a67d,2,include,,
validation,e1fc63a2-da7a-432f-be78-7c4a95598703,1,include,,
validation,32102e3e-d12a-4209-9163-7b3a104efe5d,2,exclude,attachment,
validation,8e867cd7-cff9-4e6c-867a-ff5ddc2550be,1,include,,
validation,3627a8be-a77f-41bb-b807-7e1bd4c0ebdf,2,include,,
validation,7619a514-5fa8-43ef-9143-83b66a43d7a4,2,include,,
validation,ec09fa32-d03f-4bf8-84b0-1f16922c3ae4,1,include,,
validation,676e5e31-a554-4acc-9286-b60d90a92d26,3,include,,
validation,7dd30055-0198-452e-8c25-f73dbe27dcb8,2,exclude,attachment,
validation,2a649bb1-795f-4a01-b3be-9a01868dae73,2,include,,
validation,87c610df-bef7-4932-b950-1d83ef4e282b,2,include,,
validation,624cbf11-6a41-4692-af9c-36b3e5ca3130,2,exclude,multimodal annotator metadata,image recognition
validation,dd3c7503-f62a-4bd0-9f67-1b63b94194cc,2,include,,
validation,5d0080cb-90d7-4712-bc33-848150e917d3,1,include,,
validation,bec74516-02fc-48dc-b202-55e78d0e17cf,3,exclude,attachment,
validation,a1e91b78-d3d8-4675-bb8d-62741b4b68a6,1,exclude,multimodal annotator metadata,video parsing
validation,46719c30-f4c3-4cad-be07-d5cb21eee6bb,1,include,,
validation,df6561b2-7ee5-4540-baab-5095f742716a,2,exclude,attachment; multimodal annotator metadata,image recognition
validation,00d579ea-0889-4fd9-a771-2c8d79835c8d,3,exclude,multimodal annotator metadata,video recognition
validation,4b6bb5f7-f634-410e-815d-e673ab7f8632,1,include,,
validation,f0f46385-fc03-4599-b5d3-f56496c3e69f,2,include,,
validation,384d0dd8-e8a4-4cfe-963c-d37f256e7662,3,include,,
validation,e4e91f1c-1dcd-439e-9fdd-cb976f5293fd,2,include,,
validation,56137764-b4e0-45b8-9c52-1866420c3df5,2,include,,
validation,de9887f5-ead8-4727-876f-5a4078f8598c,3,include,,
validation,cffe0e32-c9a6-4c52-9877-78ceb4aaa9fb,1,exclude,attachment,
validation,8b3379c0-0981-4f5b-8407-6444610cb212,2,exclude,multimodal annotator metadata,video recognition
validation,0ff53813-3367-4f43-bcbd-3fd725c1bf4b,2,include,,
validation,983bba7c-c092-455f-b6c9-7857003d48fc,3,include,,
validation,a7feb290-76bb-4cb7-8800-7edaf7954f2f,2,include,,
validation,b4cc024b-3f5e-480e-b96a-6656493255b5,2,include,,
validation,2d83110e-a098-4ebb-9987-066c06fa42d0,1,include,,
validation,33d8ea3b-6c6b-4ff1-803d-7e270dea8a57,2,include,,
validation,5cfb274c-0207-4aa7-9575-6ac0bd95d9b2,1,exclude,attachment; multimodal annotator metadata,image recognition; color recognition
validation,9b54f9d9-35ee-4a14-b62f-d130ea00317f,3,exclude,attachment,
validation,e8cb5b03-41e0-4086-99e5-f6806cd97211,2,include,,
validation,27d5d136-8563-469e-92bf-fd103c28b57c,1,include,,
validation,dc28cf18-6431-458b-83ef-64b3ce566c10,1,include,,
validation,b816bfce-3d80-4913-a07d-69b752ce6377,1,include,,
validation,f46b4380-207e-4434-820b-f32ce04ae2a4,2,include,,
validation,72e110e7-464c-453c-a309-90a95aed6538,1,include,,
validation,05407167-39ec-4d3a-a234-73a9120c325d,2,include,,
validation,b9763138-c053-4832-9f55-86200cb1f99c,2,include,,
validation,16d825ff-1623-4176-a5b5-42e0f5c2b0ac,2,include,,
validation,2b3ef98c-cc05-450b-a719-711aee40ac65,2,exclude,attachment; multimodal annotator metadata,speech-to-text
validation,bfcd99e1-0690-4b53-a85c-0174a8629083,2,exclude,attachment,
validation,544b7f0c-173a-4377-8d56-57b36eb26ddf,2,include,,
validation,42576abe-0deb-4869-8c63-225c2d75a95a,1,include,,
validation,6b078778-0b90-464d-83f6-59511c811b01,2,include,,
validation,b415aba4-4b68-4fc6-9b89-2c812e55a3e1,1,include,,
validation,076c8171-9b3b-49b9-a477-244d2a532826,2,exclude,attachment,
validation,08cae58d-4084-4616-b6dd-dd6534e4825b,2,include,,
validation,cca530fc-4052-43b2-b130-b30968d8aa44,1,exclude,attachment; multimodal annotator metadata,image recognition
validation,2dfc4c37-fec1-4518-84a7-10095d30ad75,2,include,,
validation,935e2cff-ae78-4218-b3f5-115589b19dae,1,include,,
validation,4fc2f1ae-8625-45b5-ab34-ad4433bc21f8,1,include,,
validation,5188369a-3bbe-43d8-8b94-11558f909a08,1,include,,
validation,9f41b083-683e-4dcf-9185-ccfeaa88fa45,2,include,,
validation,6f37996b-2ac7-44b0-8e68-6d28256631b4,1,include,,
validation,56db2318-640f-477a-a82f-bc93ad13e882,3,include,,
validation,ecbc4f94-95a3-4cc7-b255-6741a458a625,2,exclude,multimodal annotator metadata,image recognition
validation,e9a2c537-8232-4c3f-85b0-b52de6bcba99,2,exclude,attachment,
validation,8131e2c0-0083-4265-9ce7-78c2d568425d,3,exclude,multimodal annotator metadata,image recognition
validation,9318445f-fe6a-4e1b-acbf-c68228c9906a,1,exclude,attachment; multimodal annotator metadata,image recognition; ocr
validation,71345b0a-9c7d-4b50-b2bf-937ec5879845,2,include,,
validation,72c06643-a2fa-4186-aa5c-9ec33ae9b445,3,include,,
validation,ebbc1f13-d24d-40df-9068-adcf735b4240,3,include,,
validation,7b5377b0-3f38-4103-8ad2-90fe89864c04,2,include,,
validation,114d5fd0-e2ae-4b6d-a65a-870da2d19c08,2,exclude,multimodal annotator metadata,ocr
validation,8f80e01c-1296-4371-9486-bb3d68651a60,2,exclude,attachment; multimodal annotator metadata,image recognition
validation,ad37a656-079a-49f9-a493-7b739c9167d1,2,include,,
validation,366e2f2b-8632-4ef2-81eb-bc3877489217,2,exclude,attachment,
validation,c526d8d6-5987-4da9-b24c-83466fa172f3,3,exclude,attachment,
validation,f3917a3d-1d17-4ee2-90c5-683b072218fe,2,include,,
validation,389793a7-ca17-4e82-81cb-2b3a2391b4b9,1,exclude,attachment,
validation,4b650a35-8529-4695-89ed-8dc7a500a498,1,include,,
validation,3da89939-209c-4086-8520-7eb734e6b4ef,3,exclude,attachment,
validation,48eb8242-1099-4c26-95d4-ef22b002457a,2,include,,
validation,c8b7e059-c60d-472e-ad64-3b04ae1166dc,2,include,,
validation,d1af70ea-a9a4-421a-b9cc-94b5e02f1788,2,include,,
validation,a3fbeb63-0e8c-4a11-bff6-0e3b484c3e9c,1,exclude,attachment,
validation,8d46b8d6-b38a-47ff-ac74-cda14cf2d19b,3,exclude,attachment,
validation,08f3a05f-5947-4089-a4c4-d4bcfaa6b7a0,2,include,,
validation,c714ab3a-da30-4603-bacd-d008800188b9,1,include,,
validation,9d191bce-651d-4746-be2d-7ef8ecadb9c2,1,exclude,multimodal annotator metadata,video processing; audio processing
validation,54612da3-fd56-4941-80f4-5eb82330de25,2,exclude,attachment,
validation,ded28325-3447-4c56-860f-e497d6fb3577,2,include,,
validation,6359a0b1-8f7b-499b-9336-840f9ab90688,2,exclude,attachment; multimodal annotator metadata,image recognition; ocr
validation,e961a717-6b25-4175-8a68-874d28190ee4,3,include,,
validation,7cc4acfa-63fd-4acc-a1a1-e8e529e0a97f,2,exclude,attachment,
validation,d700d50d-c707-4dca-90dc-4528cddd0c80,2,include,,
validation,65afbc8a-89ca-4ad5-8d62-355bb401f61d,1,exclude,attachment; multimodal annotator metadata,color recognition
validation,851e570a-e3de-4d84-bcfa-cc85578baa59,3,include,,
validation,cabe07ed-9eca-40ea-8ead-410ef5e83f91,1,include,,
validation,0a3cd321-3e76-4622-911b-0fda2e5d6b1a,2,include,,
validation,f2feb6a4-363c-4c09-a804-0db564eafd68,2,include,,
validation,3cef3a44-215e-4aed-8e3b-b1e3f08063b7,1,include,,
validation,50f58759-7bd6-406f-9b0d-5692beb2a926,3,include,,
validation,0b260a57-3f3a-4405-9f29-6d7a1012dbfb,2,include,,
validation,ed58682d-bc52-4baa-9eb0-4eb81e1edacc,2,include,,
validation,cca70ce6-1952-45d2-acd4-80c903b0bc49,2,exclude,attachment; multimodal annotator metadata,image recognition; ocr
validation,872bfbb1-9ccf-49f6-8c5f-aa22818ccd66,3,exclude,multimodal annotator metadata,image recognition
validation,99c9cc74-fdc8-46c6-8f8d-3ce2d3bfeea3,1,exclude,attachment; multimodal annotator metadata,speech-to-text
validation,b7f857e4-d8aa-4387-af2a-0e844df5b9d8,2,exclude,attachment; multimodal annotator metadata,ocr
validation,d8152ad6-e4d5-4c12-8bb7-8d57dc10c6de,2,exclude,attachment; multimodal annotator metadata,image recognition
validation,67e8878b-5cef-4375-804e-e6291fdbe78a,2,exclude,attachment,
validation,c3a79cfe-8206-451f-aca8-3fec8ebe51d3,3,exclude,multimodal annotator metadata,image recognition
validation,d0633230-7067-47a9-9dbf-ee11e0a2cdd6,1,include,,
validation,023e9d44-96ae-4eed-b912-244ee8c3b994,2,include,,
validation,305ac316-eef6-4446-960a-92d80d542f82,1,include,,
validation,0e9e85b8-52b9-4de4-b402-5f635ab9631f,2,exclude,multimodal annotator metadata,image recognition; ocr
validation,20194330-9976-4043-8632-f8485c6c71b2,2,exclude,multimodal annotator metadata,ocr; color recognition
validation,4d51c4bf-4b0e-4f3d-897b-3f6687a7d9f2,2,exclude,attachment,
validation,0383a3ee-47a7-41a4-b493-519bdefe0488,1,exclude,multimodal annotator metadata,video recognition
validation,65638e28-7f37-4fa7-b7b9-8c19bb609879,2,include,,
validation,3ff6b7a9-a5bd-4412-ad92-0cd0d45c0fee,2,include,,
validation,f918266a-b3e0-4914-865d-4faa564f1aef,1,exclude,attachment,
validation,708b99c5-e4a7-49cb-a5cf-933c8d46470d,2,include,,
validation,0a65cb96-cb6e-4a6a-8aae-c1084f613456,2,include,,
validation,11af4e1a-5f45-467d-9aeb-46f4bb0bf034,1,include,,
validation,e142056d-56ab-4352-b091-b56054bd1359,1,include,,
validation,50ad0280-0819-4bd9-b275-5de32d3b5bcb,1,include,,
validation,65da0822-a48a-4a68-bbad-8ed1b835a834,2,include,,
validation,da52d699-e8d2-4dc5-9191-a2199e0b6a9b,3,exclude,attachment,
validation,0bb3b44a-ede5-4db5-a520-4e844b0079c5,2,include,,
validation,7673d772-ef80-4f0f-a602-1bf4485c9b43,1,include,,
validation,73c1b9fe-ee1d-4cf4-96ca-35c08f97b054,2,exclude,multimodal annotator metadata,image recognition
validation,c365c1c7-a3db-4d5e-a9a1-66f56eae7865,1,include,,
validation,ad2b4d70-9314-4fe6-bfbe-894a45f6055f,3,exclude,multimodal annotator metadata,image recognition
validation,5b2a14e8-6e59-479c-80e3-4696e8980152,3,exclude,attachment; multimodal annotator metadata,image recognition
validation,7d4a7d1d-cac6-44a8-96e8-ea9584a70825,1,include,,
validation,dc22a632-937f-4e6a-b72f-ba0ff3f5ff97,1,include,,
validation,e2d69698-bc99-4e85-9880-67eaccd66e6c,2,include,,
validation,3f57289b-8c60-48be-bd80-01f8099ca449,1,include,,
validation,a56f1527-3abf-41d6-91f8-7296d6336c3f,2,exclude,multimodal annotator metadata,image recognition
validation,23dd907f-1261-4488-b21c-e9185af91d5e,1,include,,
validation,42d4198c-5895-4f0a-b0c0-424a66465d83,2,include,,
validation,edd4d4f2-1a58-45c4-b038-67337af4e029,2,exclude,attachment,
validation,a26649c6-1cb2-470a-871e-6910c64c3e53,2,include,,
validation,4d0aa727-86b1-406b-9b33-f870dd14a4a5,2,exclude,attachment,
validation,1f975693-876d-457b-a649-393859e79bf3,1,exclude,attachment; multimodal annotator metadata,audio processing; speech-to-text
validation,d5141ca5-e7a0-469f-bf3e-e773507c86e2,2,exclude,multimodal annotator metadata,image recognition
validation,9e1fc53b-46ff-49a1-9d05-9e6faac34cc5,3,include,,
validation,840bfca7-4f7b-481a-8794-c560c340185d,1,include,,
validation,1dcc160f-c187-48c2-b68e-319bd4354f3d,2,include,,
validation,b2c257e0-3ad7-4f05-b8e3-d9da973be36e,2,exclude,attachment; multimodal annotator metadata,image recognition
validation,e0c10771-d627-4fd7-9694-05348e54ee36,2,include,,
validation,a0068077-79f4-461a-adfe-75c1a4148545,1,include,,
validation,e29834fd-413a-455c-a33e-c3915b07401c,2,include,,
validation,bda648d7-d618-4883-88f4-3466eabd860e,1,include,,
validation,50ec8903-b81f-4257-9450-1085afd2c319,1,include,,
validation,cf106601-ab4f-4af9-b045-5295fe67b37d,1,include,,
validation,5f982798-16b9-4051-ab57-cfc7ebdb2a91,3,include,,
validation,a0c07678-e491-4bbc-8f0b-07405144218f,1,include,,
validation,7bd855d8-463d-4ed5-93ca-5fe35145f733,1,exclude,attachment,
validation,5a0c1adf-205e-4841-a666-7c3ef95def9d,1,include,,
validation,0512426f-4d28-49f0-be77-06d05daec096,3,include,,
validation,0bdb7c40-671d-4ad1-9ce3-986b159c0ddc,3,include,,
validation,08c0b6e9-1b43-4c2e-ae55-4e3fce2c2715,2,exclude,multimodal annotator metadata,image recognition
validation,db4fd70a-2d37-40ea-873f-9433dc5e301f,2,include,,
validation,853c8244-429e-46ca-89f2-addf40dfb2bd,2,exclude,multimodal annotator metadata,image recognition
validation,7a4a336d-dcfa-45a0-b014-824c7619e8de,2,exclude,multimodal annotator metadata,ocr
